{
    //2/610 Town 17 95 2 --> orientation of NPC, 610 --> time that they leave to go to that location, 17 95 --> tile spot
    "spring": "600 LeahHouse 12 7 2/610 Town 17 95 2/1000 SeedShop 9 27 1/1200 ArchaeologyHouse 16 9 0/1700 Mountain 40 10 2/2400 LeahHouse 12 7 2",
    "summer": "600 LeahHouse 12 7 2/610 Town 76 95 2/1000 SeedShop 9 27 1/1200 ArchaeologyHouse 16 9 0/1700 Beach 47 24 2/2400 LeahHouse 12 7 2",
    "fall": "600 LeahHouse 12 7 2/610 Town 17 95 2/1000 SeedShop 9 27 1/1200 ArchaeologyHouse 16 9 0/1700 Forest 56 44 2/2400 LeahHouse 12 7 2",
    "winter": "600 LeahHouse 12 7 2/930 SeedShop 9 27 1/1200 ArchaeologyHouse 16 9 0/1700 Saloon 4 19 2/2400 LeahHouse 12 7 2",
    "rain": "600 LeahHouse 12 7 2/610 SeedShop 9 27 1/1200 ArchaeologyHouse 16 9 0/1700 Saloon 4 19 2/2400 LeahHouse 12 7 2",
    "Sun": "600 LeahHouse 12 7 2/610 Town 17 95 2/1000 SeedShop 38 22 0/1400 ArchaeologyHouse 16 9 0/1700 Mountain 40 11 2",
    "Fri": "600 LeahHouse 12 7 2/610 Town 17 95 2/1000 SeedShop 9 27 1/1400 ArchaeologyHouse 15 9 0/1700 Saloon 4 19 2/2400 LeahHouse 12 7 2"
  }